Match Count,46
Files in F:\סרטונים,Files in F:\הרב דגגה,Match
01הרב דגגה   האהבה והכבוד האמיתי.avi,,No
086 הרב דגגה   פרשת נשא תשעא.mp4,,No
12e הרב דגגה   פרשת בראשית.mp4,,No
140 141   הרב דגגה   הלכות חנוכה הדלקת הנר.mp4,,No
הרב דגגה פרשת ואתחנן ומוסר לתשעה באב תשפ.mp4,,No
הרב דוד דגגה   פרשת תולדות תשעט.mp4,,No
הרב דוד דגגה   שיעור מוסר על פרשת לך לך.mp4,,No
הרב דוד דגגה - פרשת פקודי תשפב.mp4,,No
הרב דוד דגגה ביאור הלכות תפילה עפ משנה ברורה סי(3).mp4,הרב דוד דגגה ביאור הלכות תפילה עפ משנה ברורה סימן קכא וקכב.avi,Yes
הרב דוד דגגה בקטע מתוך שיעור מוסרי על פרשת יתרו.mp4,,No
הרב דוד דגגה בשיחת אמונה עם התלמידים פרשת יתרו .mp4,הרב דוד דגגה בשיחת אמונה עם התלמידים פרשת יתרו תשעט.avi,Yes
הרב דוד דגגה הלכות ביאור ברכות התפילה עפ משנה ב.mp4,הרב דוד דגגה הלכות ביאור ברכות התפילה עפ משנה ברורה סימן קכד.avi,Yes
הרב דוד דגגה הלכות שבועות תשפד.mp4,הרב דוד דגגה הלכות שבועות תשפד.mp4,Yes
הרב דוד דגגה הלכות שמיטה   הנאה מפירות הפקר תשפ.mp4,,No
הרב דוד דגגה מוסר לאלול תשעט.mp4,,No
הרב דוד דגגה מוסר לחג השבועות פרשת נשא תשפד.mp4,הרב דוד דגגה מוסר לחג השבועות פרשת נשא תשפד.mp4,Yes
הרב דוד דגגה מוסר לחנוכה פרשת מקץ תשעח.mp4,,No
הרב דוד דגגה מוסר לימי בין המיצרים פרשת דברים ת.mp4,,No
הרב דוד דגגה מוסר לליל הסדר תשעח.mp4,,No
הרב דוד דגגה מוסר לערב יום הכיפורים תשפ.mp4,,No
הרב דוד דגגה מוסר ערב תשעה באב תשפד פרשת ואתחנ.mp4,הרב דוד דגגה מוסר ערב תשעה באב תשפד פרשת ואתחנן.mp4,Yes
הרב דוד דגגה מעשה באומן והגביע של המלך וילך תשפ.mp4,,No
הרב דוד דגגה מעשה באיש שנדר לבנות מקווה מטות מס.mp4,הרב דוד דגגה מעשה באיש שנדר לבנות מקווה מטות מסעי תשעח.avi,Yes
הרב דוד דגגה מעשה באיש שקנה 100אלף דולר מזוייפי.mp4,הרב דוד דגגה מעשה באיש שקנה 100אלף דולר מזוייפים ראה תשעח.avi,Yes
הרב דוד דגגה מעשה בבן ואמו שנפגשו אחרי שנים באנ.mp4,הרב דוד דגגה מעשה בבן ואמו שנפגשו אחרי שנים באניה ויגש תשעט.avi,Yes
הרב דוד דגגה מעשה בבעל שקנה לאשתו מכשיר שמיעה י.mp4,הרב דוד דגגה מעשה בבעל שקנה לאשתו מכשיר שמיעה יתרו תשעט תשעט.avi,Yes
הרב דוד דגגה מעשה בגבאי שנקבר עם הגלימה של הכומ.mp4,הרב דוד דגגה מעשה בגבאי שנקבר עם הגלימה של הכומר מטות מסעי תשעח.avi,Yes
הרב דוד דגגה מעשה בדוד שנפטר ובירושה שכמעט ולא .mp4,הרב דוד דגגה מעשה בדוד שנפטר ובירושה שכמעט ולא הייתה נח תשפב.mp4,Yes
הרב דוד דגגה מעשה בחסיד שויתר על העולם הבא שלו .mp4,,No
הרב דוד דגגה מעשה בחתם סופר והחייל הצרפתי חקת ת.mp4,הרב דוד דגגה מעשה בחתם סופר והחייל הצרפתי חקת תשעח.avi,Yes
הרב דוד דגגה מעשה בילדה שרצתה לטוס לאודסה כי תב.mp4,הרב דוד דגגה מעשה בילדה שרצתה לטוס לאודסה כי תבוא תשעח.avi,Yes
הרב דוד דגגה מעשה בכנר והחיות שאהבו מוזיקה יתרו.mp4,הרב דוד דגגה מעשה בכנר והחיות שאהבו מוזיקה יתרו תשעט.avi,Yes
הרב דוד דגגה מעשה בכתבים שהצילו את נוסעי הספינה.mp4,הרב דוד דגגה מעשה בכתבים שהצילו את נוסעי הספינה חקת תשעח.avi,Yes
הרב דוד דגגה מעשה במוסר שהלשין והעליה לתורה ביו.mp4,הרב דוד דגגה מעשה במוסר שהלשין והעליה לתורה ביום שלישי בא תשעט.avi,Yes
הרב דוד דגגה מעשה במשפחה שאבדה ביער ובאיש המסתו.mp4,הרב דוד דגגה מעשה במשפחה שאבדה ביער ובאיש המסתורי שופטים תשעח.avi,Yes
הרב דוד דגגה מעשה במשפחת רוגע כי תצא תשעח.mp4,,No
הרב דוד דגגה מעשה בנוסע שהחליט לעבור למחלקה ראש.mp4,,No
הרב דוד דגגה מעשה בנער שפרש וחזר והרב שטיינמן ב.mp4,הרב דוד דגגה מעשה בנער שפרש וחזר והרב שטיינמן בלק תשעח.avi,Yes
הרב דוד דגגה מעשה בנערה בהודו ובקשת האב שנתממשה.mp4,הרב דוד דגגה מעשה בנערה בהודו ובקשת האב שנתממשה פנחס תשעח.avi,Yes
הרב דוד דגגה מעשה בקראוון שהונח הפוך ובעצה שלא .mp4,,No
הרב דוד דגגה מעשה בר בונים והנגר בא תשעט.mp4,,No
הרב דוד דגגה מעשה ברב דוד פייבל והשידוך שעמד במ.mp4,,No
הרב דוד דגגה מעשה ברב כהנמן ובילדי המנזר עקב תש.mp4,הרב דוד דגגה מעשה ברב כהנמן ובילדי המנזר עקב תשעח מאוד מרגש!!!!2.avi,Yes
הרב דוד דגגה מעשה ברב פינקל והשיק הפתוח דברים ת.mp4,הרב דוד דגגה מעשה ברב פינקל והשיק הפתוח דברים תשעח.avi,Yes
הרב דוד דגגה מעשה ברב שך וההצלה המופלאה חקת תשע.mp4,הרב דוד דגגה מעשה ברב שך וההצלה המופלאה חקת תשעח.avi,Yes
הרב דוד דגגה מעשה ברב שך והתוכחה שלא יצאה לפועל.mp4,,No
הרב דוד דגגה מעשה ברבי יהושוע בן לוי ומלאך המוו.mp4,הרב דוד דגגה מעשה ברבי יהושוע בן לוי ומלאך המוות מטות מסעי תשעח.avi,Yes
הרב דוד דגגה מעשה ברבי שמחה זיסל מקלם שנשאר חוץ.mp4,הרב דוד דגגה מעשה ברבי שמחה זיסל מקלם שנשאר חוץ לשעור של רבנו יונה כי תבוא תשפא.mp4,Yes
הרב דוד דגגה מעשה ברבנית שלכלכה את הסיר של השכנ.mp4,הרב דוד דגגה מעשה ברבנית שלכלכה את הסיר של השכנה כי תבוא תשעח.avi,Yes
הרב דוד דגגה מעשה בשומר של שלמה המלך ושפת הציפו.mp4,הרב דוד דגגה מעשה בשומר של שלמה המלך ושפת הציפורים מצורע תשעט.avi,Yes
הרב דוד דגגה מעשה בשעון הזהב ובגנב שנתפס ויקרא .mp4,הרב דוד דגגה מעשה בשעון הזהב ובגנב שנתפס ויקרא תשעט.avi,Yes
הרב דוד דגגה מעשה בתומס אדיסון מגלה החשמל כי תצ.mp4,הרב דוד דגגה מעשה בתומס אדיסון מגלה החשמל כי תצא תשעח.avi,Yes
הרב דוד דגגה מעשה בתלמיד שסטר לראש הישיבה כי תב.mp4,הרב דוד דגגה מעשה בתלמיד שסטר לראש הישיבה כי תבוא תשעח.avi,Yes
הרב דוד דגגה מעשה בתערוכת המכונות ומה עשו האנשי.mp4,הרב דוד דגגה מעשה בתערוכת המכונות ומה עשו האנשים מתחת למכונה ויגש תשעט.avi,Yes
הרב דוד דגגה משל הכבשה הלבנה וגם    השחורה תזרי.mp4,הרב דוד דגגה משל הכבשה הלבנה וגם... השחורה תזריע תשעט.avi,Yes
הרב דוד דגגה משנה ברורה הלכות ברכת כהנים סימן ק.mp4,הרב דוד דגגה משנה ברורה הלכות ברכת כהנים סימן קכח סעיף כה.avi,Yes
הרב דוד דגגה משנה ברורה סימן קעד ויקרא תשפב.mp4,הרב דוד דגגה משנה ברורה סימן קכח.avi,Yes
הרב דוד דגגה משנה ברורה סימן רכה דיני ברכת שהח.mp4,הרב דוד דגגה משנה ברורה סימן רכט הלכות ברכת הקשת וחמה בתקופתה שופטים תשפד.mp4,Yes
הרב דוד דגגה משעה מזעזע בצדיק וברואה החשבון שחז.mp4,הרב דוד דגגה משעה מזעזע בצדיק וברואה החשבון שחזר לחיים תזריע תשעט.avi,Yes
הרב דוד דגגה סיפור מפרשת חקת אבן עזרא והלחמים ת.mp4,הרב דוד דגגה סיפור מפרשת חקת אבן עזרא והלחמים תשעח.avi,Yes
הרב דוד דגגה סיפור על החמין שהלך לפח פרשת חקת ת.mp4,הרב דוד דגגה סיפור על החמין שהלך לפח פרשת חקת תשעח.avi,Yes
הרב דוד דגגה סיפור קצר מפרשת וירא האשה הקלפטומנ.mp4,הרב דוד דגגה סיפור קצר מפרשת וירא האשה הקלפטומנית ומה עשה בעלה כשגילה תשעט.avi,Yes
הרב דוד דגגה סיפור קצר מפרשת שלח הרב שלמה זלמן .mp4,הרב דוד דגגה סיפור קצר מפרשת שלח הרב שלמה זלמן אוייערבך תשעח.avi,Yes
הרב דוד דגגה סיפור קצר ר עקיבא איגר בחוקותיי ת.mp4,,No
הרב דוד דגגה פרשת אחרי מות קדושים תשעח.mp4,,No
הרב דוד דגגה פרשת אמור תשעח.mp4,,No
הרב דוד דגגה פרשת אמור תשפד.mp4,,No
הרב דוד דגגה פרשת בא תשפ.mp4,,No
הרב דוד דגגה פרשת בא תשפב.mp4,,No
הרב דוד דגגה פרשת בהעלותך תשעח.mp4,,No
הרב דוד דגגה פרשת בחוקותיי תשעח.mp4,הרב דוד דגגה פרשת בחוקותיי תשעט.mp4,Yes
הרב דוד דגגה פרשת בלק תשפד.mp4,,No
הרב דוד דגגה פרשת במדבר תשעח.mp4,,No
הרב דוד דגגה פרשת במדבר תשפד.mp4,הרב דוד דגגה פרשת במדבר תשפד.mp4,Yes
הרב דוד דגגה פרשת בראשית+נח תשפ.mp4,,No
הרב דוד דגגה פרשת בשלח תשעט.mp4,,No
הרב דוד דגגה פרשת בשלח תשפ.mp4,,No
הרב דוד דגגה פרשת בשלח תשפב.mp4,,No
הרב דוד דגגה פרשת האזינו מוסר ליום הכיפורים תשע.mp4,,No
הרב דוד דגגה פרשת וארא תשעט.mp4,,No
הרב דוד דגגה פרשת וארא תשפ ביכנס חיים שאל אלעד.mp4,,No
הרב דוד דגגה פרשת וארא תשפב.mp4,,No
הרב דוד דגגה פרשת ויגש תשפ.mp4,,No
הרב דוד דגגה פרשת ויחי תשעט.mp4,,No
הרב דוד דגגה פרשת ויחי תשפ.mp4,,No
הרב דוד דגגה פרשת ויחי תשפב.mp4,,No
הרב דוד דגגה פרשת ויצא תשעט.mp4,,No
הרב דוד דגגה פרשת ויקהל תשעח.mp4,,No
הרב דוד דגגה פרשת ויקהל תשפב.mp4,,No
הרב דוד דגגה פרשת ויקרא תשפב.mp4,,No
הרב דוד דגגה פרשת וירא תשעט.mp4,,No
הרב דוד דגגה פרשת וירא תשפ.mp4,,No
הרב דוד דגגה פרשת וישלח תשע.mp4,,No
הרב דוד דגגה פרשת וישלח תשעט.mp4,,No
הרב דוד דגגה פרשת חיי שרה תשעט.mp4,,No
הרב דוד דגגה פרשת יתרו תשעח.mp4,,No
הרב דוד דגגה פרשת יתרו תשפב.mp4,,No
הרב דוד דגגה פרשת כי תבוא תשעט.mp4,,No
הרב דוד דגגה פרשת כי תצא תשעח.mp4,,No
הרב דוד דגגה פרשת כי תצא תשעט מוסר לחודש אלול.mp4,,No
הרב דוד דגגה פרשת כי תשא תשפב.mp4,,No
הרב דוד דגגה פרשת לך לך תשפ.mp4,,No
הרב דוד דגגה פרשת לך לך תשפב.mp4,,No
הרב דוד דגגה פרשת מטות תשעט.mp4,,No
הרב דוד דגגה פרשת מקץ תשפב.mp4,,No
הרב דוד דגגה פרשת משפטים תשעט.mp4,הרב דוד דגגה פרשת משפטים תשעט.mp4,Yes
הרב דוד דגגה פרשת משפטים תשפב.mp4,,No
הרב דוד דגגה פרשת נח תשעט.mp4,,No
הרב דוד דגגה פרשת נח תשפב.mp4,הרב דוד דגגה פרשת נח תשפב.mp4,Yes
הרב דוד דגגה פרשת ניצבים תשסט.mp4,,No
הרב דוד דגגה פרשת ניצבים תשעט.mp4,,No
הרב דוד דגגה פרשת עקב תשעח.mp4,,No
הרב דוד דגגה פרשת עקב תשעט.mp4,,No
הרב דוד דגגה פרשת פנחס תשפד.mp4,,No
הרב דוד דגגה פרשת פקודי תשעט.mp4,הרב דוד דגגה פרשת פקודי תשעט.avi,Yes
הרב דוד דגגה פרשת קדושים תשפב.mp4,,No
הרב דוד דגגה פרשת קרח תשעח.mp4,,No
הרב דוד דגגה פרשת קרח תשפד.mp4,הרב דוד דגגה פרשת קרח תשפד.mp4,Yes
הרב דוד דגגה פרשת שלח לך תשפד.mp4,,No
הרב דוד דגגה פרשת שמות תשפ.mp4,,No
הרב דוד דגגה פרשת שמות תשפב.mp4,,No
הרב דוד דגגה פרשת שמיני תשפב.mp4,,No
הרב דוד דגגה פרשת תולדות תשפא.mp4,,No
הרב דוד דגגה פרשת תולדות תשפב.mp4,,No
הרב דוד דגגה פרשת תזריע תשפב.mp4,,No
הרב דוד דגגה פרשת תצווה תשפ_ב.mp4,,No
הרב דוד דגגה פרשת תצווה תשפב.mp4,,No
הרב דוד דגגה פרשת תרומה תשפב.mp4,,No
הרב דוד דגגה שיחה עם התלמידים על חינוך שלום בית.mp4,,No
צפייה חובה!!! הרב דוד דגגה על הקשר בין אב לבן ו.mp4,,No
,בדיקה.avi,No
,ברכה לאביגיל.avi,No
,הרב דגגה - מוסר לימים נוראים תשעח.avi,No
,הרב דגגה חיי שרה תשעח.avi,No
,הרב דגגה פרשת ויצא תשעח.avi,No
,הרב דגגה פרשת ויקהל תשעז.avi,No
,הרב דגגה פרשת וירא תשעח.avi,No
,הרב דוד דגגגה מוסר ליום הכיפורים תשפב ערב יום הכיפורים.mp4,No
,הרב דוד דגגה  הלכות כריעות סימן קיג תשעט.avi,No
,הרב דוד דגגה הלכות אכילה בסוכה האזינו תשפב.mp4,No
,הרב דוד דגגה הלכות ברכות חיים שאל אלעד משפטים תשפ.avi,No
,הרב דוד דגגה הלכות דבר שיש לו מתירין חיים שאל וישלח תשפ.avi,No
,הרב דוד דגגה הלכות דברים האסורים מראש חודש אב דברים תשפד .mp4,No
,הרב דוד דגגה הלכות טל ומטר עפ משנה ברורה סוף סימן קיד.avi,No
,הרב דוד דגגה הלכות קדימה בברכות פרשת בשלח תשפ ביכנס חיים שאל אלעד.avi,No
,הרב דוד דגגה הלכות ראש השנה ניצבים תשפב.mp4,No
,הרב דוד דגגה הלכות שאלת השנים עפ משנה ברורה.mp4,No
,הרב דוד דגגה הלכות שביעית ביאור מ לאכות שביעית תשפב.mp4,No
,הרב דוד דגגה הלכות שביעית תשפב.mp4,No
,הרב דוד דגגה הלכות תרומות ומעשרות חלק ג כולל הדגמה מעשית.avi,No
,הרב דוד דגגה למה רקד היהודי שנגנב ממנו כל כספו לך לך תשפב.mp4,No
,הרב דוד דגגה מ שנה ברורה סימן רו' האזינו תשפג.mp4,No
,הרב דוד דגגה מוסר לאלול ניצבים תשפב.mp4,No
,הרב דוד דגגה מוסר לאלול פרשת כי תבוא תשפא.mp4,No
,הרב דוד דגגה מוסר לחודש אלול פרשת שופטים תשפב.mp4,No
,הרב דוד דגגה מוסר לערב סוכות האזינו תשפב.mp4,No
,הרב דוד דגגה מוסר לפורים כי תשא תשפג.mp4,No
,הרב דוד דגגה מוסר לפסח תשעז.avi,No
,הרב דוד דגגה מוסר לשבועות תשפג.mp4,No
,הרב דוד דגגה מוסר לשלום בית שיעור3 מתוך 14 בסדרה.avi,No
,הרב דוד דגגה מענייני דיומא הלכות ראש השנה תשפא.mp4,No
,הרב דוד דגגה מעשה בחסיד שני שוחטים לשון אחת ומלחמה פרשת לך לך תשפב.mp4,No
,הרב דוד דגגה משנה ברורה סוף סימן קכד.avi,No
,הרב דוד דגגה על הוידוי בעצמאות ועל טקס המשואות.avi,No
,הרב דוד דגגה על הקשר בין אב לבן והציבור החרדי בימינו.mp4,No
,הרב דוד דגגה פרשת אמור תשפא.mp4,No
,הרב דוד דגגה פרשת בא תשעז.avi,No
,הרב דוד דגגה פרשת בהר בחוקותיי תשפא.mp4,No
,הרב דוד דגגה פרשת בהר תשפד.mp4,No
,הרב דוד דגגה פרשת בהר-בחוקותיי תשפג.mp4,No
,הרב דוד דגגה פרשת בלק תשעז.avi,No
,הרב דוד דגגה פרשת בלק תשפ.mp4,No
,הרב דוד דגגה פרשת בלק תשפב.mp4,No
,הרב דוד דגגה פרשת במדבר תשעז.avi,No
,הרב דוד דגגה פרשת במדבר תשפג.mp4,No
,הרב דוד דגגה פרשת בראשית תשפא .mp4,No
,הרב דוד דגגה פרשת ויגש תשפד.mp4,No
,הרב דוד דגגה פרשת ויצא תשעז.avi,No
,הרב דוד דגגה פרשת ויקהל תשפד.mp4,No
,הרב דוד דגגה פרשת ויקהל תששפג.mp4,No
,הרב דוד דגגה פרשת וירא תשפג.mp4,No
,הרב דוד דגגה פרשת וירא תשפד.mp4,No
,הרב דוד דגגה פרשת וישב תשפג.mp4,No
,הרב דוד דגגה פרשת וישלח תשעח.avi,No
,הרב דוד דגגה פרשת חוקת תשפב.mp4,No
,הרב דוד דגגה פרשת חיי שרה תשפד.mp4,No
,הרב דוד דגגה פרשת חקת תשעז.avi,No
,הרב דוד דגגה פרשת יתרו תשעז.avi,No
,הרב דוד דגגה פרשת יתרו תשעח (2).avi,No
,הרב דוד דגגה פרשת כי תצא תשעו.avi,No
,הרב דוד דגגה פרשת כי תצא תשפ.mp4,No
,הרב דוד דגגה פרשת לך לך תשפד.mp4,No
,הרב דוד דגגה פרשת מטות תשעז.avi,No
,הרב דוד דגגה פרשת מטות תשפב.mp4,No
,הרב דוד דגגה פרשת מסעי תשפב.mp4,No
,הרב דוד דגגה פרשת משפטים תשעח.avi,No
,הרב דוד דגגה פרשת משפטים תשפ בית כנסת חיים שאל אלעד.avi,No
,הרב דוד דגגה פרשת נח תשפד.mp4,No
,הרב דוד דגגה פרשת ניצבים תשעו.avi,No
,הרב דוד דגגה פרשת עקב תשפד.mp4,No
,הרב דוד דגגה פרשת פנחס תשעז.avi,No
,הרב דוד דגגה פרשת פנחס תשפב.mp4,No
,הרב דוד דגגה פרשת פנחס תשפג.mp4,No
,הרב דוד דגגה פרשת קרח תשפב.mp4,No
,הרב דוד דגגה פרשת ראה תשפד.mp4,No
,הרב דוד דגגה פרשת שופטים תשפד.mp4,No
,הרב דוד דגגה פרשת שלח תשפג.mp4,No
,הרב דוד דגגה פרשת תולדות תשפג.mp4,No
,הרב דוד דגגה פרשת תצווה תשפג.mp4,No
,הרב דוד דגגה שיחת הכנה לחג השבועות פרשת במדבר תשפא.mp4,No
,הרב מוצפי בחזון עובדיה אלעד 17-10-17.avi,No
,וישב תשעא.avi,No
,מוסר לתשעת הימים - שבוע שחל בו ט' באב כי תבוא תשפג.mp4,No
,משל הכבשה השחורה.mp4,No
,אליה והב בהופעה מלאה בנופש כהלכה AIG תשעז.avi,No
,גיל חוזר הביתה.avi,No
,הרב דוד דגגה  הלכות הזכרת גשמים סימן קיד תשעט.avi,No
,הרב דוד דגגה - פרשת תולדות תשעט.avi,No
,הרב דוד דגגה הלכות פסח תשעט הכשרת כלים.avi,No
,הרב דוד דגגה הלכות תפילה משנה ברורה סימן קכד סעיף ח.avi,No
,הרב דוד דגגה לקט פרשת בא תשעט.avi,No
,הרב דוד דגגה לקט פרשת מטות מסעי תשעח.avi,No
,הרב דוד דגגה לקט פרשת תרומה תשעט.avi,No
,הרב דוד דגגה מוסר לפורים תשעט.avi,No
,הרב דוד דגגה מוסר לפסח פרשת אחרי מות תשעט.avi,No
,הרב דוד דגגה מעשה במשפחת 'רוגע' כי תצא תשעח.avi,No
,הרב דוד דגגה מעשה בר' בונים והנגר בא תשעט.avi,No
,הרב דוד דגגה מעשה ברב החדש ומת המצווה יתרו תשעט.avi,No
,הרב דוד דגגה מעשהברב דוד פייבל והשידוך שעמד במבחן תזריע תשעט.avi,No
,הרב דוד דגגה מפרשת בהר אהבת הבריות תשעח.avi,No
,הרב דוד דגגה סיפור על זוג וכבוד פרשת קרח תשעח.avi,No
,הרב דוד דגגה סיפור קצר חזון איש בחוקותיי תשעח.avi,No
,הרב דוד דגגה סיפור קצר מפרשת בהר תשעח.avi,No
,הרב דוד דגגה סיפור קצר על לשון הרע.avi,No
,הרב דוד דגגה סיפור קצר ר' עקיבא איגר בחוקותיי תשעח.avi,No
,הרב דוד דגגה פרומו לשיעור פרשת שלח תשעח.avi,No
,הרב דוד דגגה פרשת בא תשעט.avi,No
,הרב דוד דגגה פרשת בהר תשעט.avi,No
,הרב דוד דגגה פרשת בלק תשעח.avi,No
,הרב דוד דגגה פרשת בלק תשעט.avi,No
,הרב דוד דגגה פרשת במדבר תשעט.avi,No
,הרב דוד דגגה פרשת בשלח לקט תשעט.avi,No
,הרב דוד דגגה פרשת דברים תשעח.avi,No
,הרב דוד דגגה פרשת דברים תשעט.avi,No
,הרב דוד דגגה פרשת ויגש תשעט.avi,No
,הרב דוד דגגה פרשת ויקהל תשעט.avi,No
,הרב דוד דגגה פרשת ויקרא תשעט.avi,No
,הרב דוד דגגה פרשת וישב תשעט.avi,No
,הרב דוד דגגה פרשת חקת תשעט.avi,No
,הרב דוד דגגה פרשת יתרו תשעט.avi,No
,הרב דוד דגגה פרשת כי תבוא תשעח.avi,No
,הרב דוד דגגה פרשת כי תשא תשעט.avi,No
,הרב דוד דגגה פרשת מטות מסעי תשעח.avi,No
,הרב דוד דגגה פרשת מסעי תשעט.avi,No
,הרב דוד דגגה פרשת מצורע תשעט.avi,No
,הרב דוד דגגה פרשת מקץ תשעט מוסר לחנוכה.avi,No
,הרב דוד דגגה פרשת פנחס תשעח.avi,No
,הרב דוד דגגה פרשת פנחס תשעט.avi,No
,הרב דוד דגגה פרשת קדושים תשעט.avi,No
,הרב דוד דגגה פרשת קרח תשעח לקט.avi,No
,הרב דוד דגגה פרשת קרח תשעט.avi,No
,הרב דוד דגגה פרשת ראה תשעח.avi,No
,הרב דוד דגגה פרשת שופטים תשעח.avi,No
,הרב דוד דגגה פרשת שמות תשעט.avi,No
,הרב דוד דגגה פרשת שמיני תשעט.avi,No
,הרב דוד דגגה פרשת תזריע תשעט.avi,No
,הרב דוד דגגה פרשת תצווה תשעט.avi,No
,הרב דוד דגגה פרשת תרומה תשעט.avi,No
,הרב כפיר פרטוש סליחות תשעה הרצליה.avi,No
,הרב כפיר פרטוש סליחות תשעו הרצליה.avi,No
,חן עמוס מבקצב הדרבוקה מסביר על משקלים מוזיקליים במוזיקה המערבית והמזרחית שיעור ראשון.avi,No
,לימוד נאי מחובר.avi,No
,מוסר לפורים תשעט 1.avi,No
,נריה.mp4,No
,חול המועד סוכות תשעח אצל שקרצי.avi,No
,הרב דגגה פרשת לך לך תשעח.avi,No
,הרב דוד דגגה פרשת תולדות תשעח.avi,No
,הרב דוד דגגה פרשת משפטים תשעז.avi,No
,הרב דוד דגגה פרשת תצווה תשעח.avi,No
,הרב דוד דגגה פרשת תרומה תשעח.avi,No
,הרב דוד דגגה פרשת אמור תשעז.avi,No
,הרב דוד דגגה פרשת בהעלותך תשעז.avi,No
,הרב דוד דגגה פרשת תזריע מצורע תשעז.avi,No
,הרב דוד דגגה פרשת נשא תשעז וחג השבועות.avi,No
,הרב דוד דגגה פרשת דברים תשעז.avi,No
,הרב דגגה - מוסר לראש השנה תשעח.avi,No
,הרב דוד דגגה שיעור שלום בית במודיעין.avi,No
,הרב דוד דגגה שיעור קצר בחינוך.avi,No
